NSA ID,NED,RA,DEC,Vr,CO,HI,Halpha,Pointing,Date Obs,Date Obs2,Alt Point,Date Obs,Filament,Group,Telescope,filter,Dithers,R expt (s),Halpha expt (s),R expt tot,Halpha exp tot,R FWHM (iraf),R FWHM,Ha4 FWHM (iraf),Ha4 FWHM
,TOTAL,,,,97,113,32,,,,,,14,32,,,,,,,,,,,
54578,Mrk1484,,,,1,1,-1,19,2017-05-22,,,,0,1,kpno-0.9m,kpno-ha4,,,,,,3.76,1.62432,3.69,1.59408
54579,,,,,0,0,0,19,2017-05-22,,,,0,1,kpno-0.9m,kpno-ha4,,,,,,3.76,1.62432,3.69,1.59408
56402,,,,,0,0,0,14,2017-05-21,,,,0,1,kpno-0.9m,kpno-ha4,3,180,1200,540,3600,3.93,1.69776,4.98,2.15136
56403,I4336,,,,1,0,1,12,2017-05-21,,,,0,1,kpno-0.9m,kpno-ha4,3,180,1200,540,3600,4.95,2.1384,5.02,2.16864
56409,N5313,,,,1,1,1,14,2017-05-21,,,,0,1,kpno-0.9m,kpno-ha4,3,180,1200,540,3600,3.93,1.69776,4.98,2.15136
56410,,,,,0,0,1,14,2017-05-21,,,,0,1,kpno-0.9m,kpno-ha4,3,180,1200,540,3600,3.93,1.69776,4.98,2.15136
56411,,,,,0,0,1,14,2017-05-21,,,,0,1,kpno-0.9m,kpno-ha4,3,180,1200,540,3600,3.93,1.69776,4.98,2.15136
56434,N5320,,,,1,1,1,19,2017-05-22,,,,0,1,kpno-0.9m,kpno-ha4,,,,,,3.76,1.62432,3.69,1.59408
56455,,,,,0,0,1,13,2017-05-20,,,,0,1,kpno-0.9m,kpno-ha4,1,180,600x1,180,600,3.9,1.6848,2.92,1.26144
56456,N5346,,,,1,1,1,13,2017-05-20,,,,0,1,kpno-0.9m,kpno-ha4,1,180,600x1,180,600,3.9,1.6848,2.92,1.26144
56462,2MASX1352,,,,1,0,1,12,2017-05-21,,13,2017-05-20,0,1,kpno-0.9m,kpno-ha4,3,180,1200,540,3600,4.95,2.1384,5.02,2.16864
56466,,,,,0,0,0,12,2017-05-21,,,,0,1,kpno-0.9m,kpno-ha4,3,180,1200,540,3600,4.95,2.1384,5.02,2.16864
56469,N5311,,,,1,1,1,14,2017-05-21,,,,0,1,kpno-0.9m,kpno-ha4,3,180,1200,540,3600,3.93,1.69776,4.98,2.15136
56474,,,,,0,0,0,16,2017-05-20,2017-05-21,,,0,1,kpno-0.9m,kpno-ha4,2,180,1200,360,2400,3.92,1.69344,3.96,1.71072
56480,N5355,,,,0,1,0,16,2017-05-20,2017-05-21,,,0,1,kpno-0.9m,kpno-ha4,2,180,1200,360,2400,3.92,1.69344,3.96,1.71072
56482,N5350,,,,1,1,1,16,2017-05-20,2017-05-21,,,0,1,kpno-0.9m,kpno-ha4,2,180,1200,360,2400,3.92,1.69344,3.96,1.71072
56483,N5353,,,,0,1,0,16,2017-05-20,2017-05-21,,,0,1,kpno-0.9m,kpno-ha4,2,180,1200,360,2400,3.92,1.69344,3.96,1.71072
56488,N5358,,,,0,1,0,16,2017-05-20,2017-05-21,,,0,1,kpno-0.9m,kpno-ha4,2,180,1200,360,2400,3.92,1.69344,3.96,1.71072
56489,,,,,0,0,1,16,2017-05-20,2017-05-21,,,0,1,kpno-0.9m,kpno-ha4,2,180,1200,360,2400,3.92,1.69344,3.96,1.71072
61674,CGCG246,,,,1,0,0,23,2017-05-22,,,,0,1,kpno-0.9m,kpno-ha4,3,180,1200(1 600x2),540,3600,3.98,1.71936,4.18,1.80576
61690,N5173,,,,1,1,1,23,2017-05-22,,,,0,1,kpno-0.9m,kpno-ha4,3,180,1200(1 600x2),540,3600,3.98,1.71936,4.18,1.80576
61691,N5169,,,,1,1,1,23,2017-05-22,,,,0,1,kpno-0.9m,kpno-ha4,3,180,1200(1 600x2),540,3600,3.98,1.71936,4.18,1.80576
61692,MCG08-25,,,,1,1,1,23,2017-05-22,,,,0,1,kpno-0.9m,kpno-ha4,3,180,1200(1 600x2),540,3600,3.98,1.71936,4.18,1.80576
67593,,,,,0,0,1,10,2017-05-23,,,,,,kpno-0.9m,kpno-ha4,,,,,,4.34,1.87488,4.23,1.82736
67595,U8919,,,,1,1,0,10,2017-05-23,,,,1,,kpno-0.9m,kpno-ha4,3,180,1200,540,3600,4.34,1.87488,4.23,1.82736
88353,N5517,213.213494,35.710894,,1,1,1,4,2017-05-19,,,,1,0,kpno-0.9m,kpno-ha4,3,180,600x2,540,3600,4.63,2.00016,5.42,2.34144
90371,,,,,0,0,1,7,2017-05-22,,,,,,kpno-0.9m,kpno-ha4,,,,,,3.6,1.5552,4.01,1.73232
93403,,,,,0,0,1,6,2017-05-21,,,,1,0,kpno-0.9m,kpno-ha4,3,180,1200,540,3600,4.97,2.14704,4.74,2.04768
104439,N5116,,,,1,1,1,28,2017-05-23,,,,,,kpno-0.9m,kpno-ha4,3,180,1200,540,3600,4.03,1.74096,4.42,1.90944
118647,I851,197.143083,21.049778,2615,1,1,1,1,2017-05-19,,,,1,0,kpno-0.9m,kpno-ha4,4,180,600x2,720,4800,3.73,1.61136,3.73,1.61136
119230,,,,,0,0,1,1,2017-05-20,,,,,,kpno-0.9m,kpno-ha4,4,180,600x2,720,4800,3.73,1.61136,3.73,1.61136
119289,N5012A,,,,1,1,1,3,2017-05-20,,,,1,0,kpno-0.9m,kpno-ha4,4,180,600x2,720,4800,5.08,2.19456,5.06,2.18592
119303,,,,,0,0,1,3,2017-05-20,,,,1,0,kpno-0.9m,kpno-ha4,,,,,,5.08,2.19456,5.06,2.18592
120053,U8409,,,,1,0,1,27,2017-05-23,,,,1,0,kpno-0.9m,kpno-ha4,3,180,1200,540,3600,4.13,1.78416,4.06,1.75392
143388,,,,,0,0,0,4,2017-05-19,,,,1,0,kpno-0.9m,kpno-ha4,3,180,600x2,540,3600,4.63,2.00016,5.42,2.34144
143545,,,,,0,0,0,23,2017-05-22,,,,0,1,kpno-0.9m,kpno-ha4,,,,,,3.98,1.71936,4.18,1.80576
143555,N5198,,,,0,0,0,23,2017-05-22,,,,0,1,kpno-0.9m,kpno-ha4,,,,,,3.98,1.71936,4.18,1.80576
143682,,,,,0,0,1,6,2017-05-21,,,,1,0,kpno-0.9m,kpno-ha4,,,,,,4.97,2.14704,4.74,2.04768
143686,,,,,0,0,1,6,2017-05-21,,,,1,0,kpno-0.9m,kpno-ha4,,,,,,4.97,2.14704,4.74,2.04768
143827,U8693,,,,1,1,1,7,2017-05-22,,,,1,0,kpno-0.9m,kpno-ha4,3,180,600x2,540,3600,3.6,1.5552,4.01,1.73232
143940,,,,,0,0,0,14,2017-05-21,,,,0,1,kpno-0.9m,kpno-ha4,3,180,1200,540,3600,3.93,1.69776,4.98,2.15136
143951,N5326,,,,1,1,1,12,2017-05-21,,,,0,1,kpno-0.9m,kpno-ha4,3,180,1200,540,3600,4.95,2.1384,5.02,2.16864
143986,N5337,,,,1,1,1,12,2017-05-21,,13,2017-05-20,0,1,kpno-0.9m,kpno-ha4,3,180,1200,540,3600,4.95,2.1384,5.02,2.16864
144021,,,,,0,0,0,16,2017-05-20,2017-05-21,,,0,1,kpno-0.9m,kpno-ha4,2,180,1200,360,2400,3.92,1.69344,3.96,1.71072
144043,CGCG219,,,,1,0,0,13,2017-05-20,,,,0,1,kpno-0.9m,kpno-ha4,,,,,,3.9,1.6848,2.92,1.26144
144081,,,,,0,0,0,16,2017-05-20,2017-05-21,,,0,1,kpno-0.9m,kpno-ha4,2,180,1200,360,2400,3.92,1.69344,3.96,1.71072
163136,N5012A,,,,1,1,1,3,2017-05-20,,,,1,0,kpno-0.9m,kpno-ha4,3,180,1200,540,3600,5.08,2.19456,5.06,2.18592
163778,,,,,0,0,0,6,2017-05-21,,,,1,0,kpno-0.9m,kpno-ha4,,,,,,4.97,2.14704,4.74,2.04768
163783,,,,,0,0,1,6,2017-05-21,,,,1,0,kpno-0.9m,kpno-ha4,3,180,1200,540,3600,4.97,2.14704,4.74,2.04768
164224,N5371,,,,1,1,1,16,2017-05-20,2017-05-21,,,0,1,kpno-0.9m,kpno-ha4,2,180,1200,360,2400,3.92,1.69344,3.96,1.71072
164358,,,,,0,0,1,16,2017-05-20,2017-05-21,,,,,kpno-0.9m,kpno-ha4,,,,,,3.92,1.69344,3.96,1.71072
135051,,,,,1,1,,4,2019-02-04,2019-02-05,,,,,INT-2.5m,int-197,,,,,,,,,
135038,,,,,0,0,,4,2019-02-04,2019-02-05,,,,,INT-2.5m,int-197,,,,,,,,,
135068,,,,,0,0,,4,2019-02-04,2019-02-05,,,,,INT-2.5m,int-197,,,,,,,,,
84130,,,,,0,0,,4,2019-02-04,2019-02-05,,,,,INT-2.5m,int-197,,,,,,,,,
84131,,,,,0,0,,4,2019-02-04,2019-02-05,,,,,INT-2.5m,int-197,,,,,,,,,
84225,,,,,0,0,,4,2019-02-04,2019-02-05,,,,,INT-2.5m,int-197,,,,,,,,,
50207,,,,,1,1,,5,2019-02-04,,,,,,INT-2.5m,int-197,,,,,,,,,
50209,,,,,0,1,,5,2019-02-04,,,,,,INT-2.5m,int-197,,,,,,,,,
156774,,,,,1,1,,10,2019-02-04,,,,,,INT-2.5m,int-197,,,,,,,,,
50258,,,,,0,0,,10,2019-02-04,,,,,,INT-2.5m,int-197,,,,,,,,,
50264,,,,,0,0,,10,2019-02-04,,,,,,INT-2.5m,int-197,,,,,,,,,
135260,,,,,0,0,,10,2019-02-04,,,,,,INT-2.5m,int-197,,,,,,,,,
135296,,,,,1,1,,12,2019-02-04,,,,,,INT-2.5m,int-197,,,,,,,,,
156791,,,,,0,0,,12,2019-02-04,,,,,,INT-2.5m,int-197,,,,,,,,,
135527,,,,,0,1,,16,2019-02-04,,,,,,INT-2.5m,int-197,,,,,,,,,
50346,,,,,0,0,,16,2019-02-04,,,,,,INT-2.5m,int-197,,,,,,,,,
50569,,,,,1,1,,22,2019-02-04,,,,,,INT-2.5m,int-197,,,,,,,,,
135739,,,,,0,0,,22,2019-02-04,,,,,,INT-2.5m,int-197,,,,,,,,,
157086,,,,,0,0,,22,2019-02-04,,,,,,INT-2.5m,int-197,,,,,,,,,
47220,,,,,1,1,,26,2019-02-04,,,,,,INT-2.5m,int-197,,,,,,,,,
135808,,,,,1,1,,26,2019-02-04,,,,,,INT-2.5m,int-197,,,,,,,,,
135806,,,,,0,0,,26,2019-02-04,,,,,,INT-2.5m,int-197,,,,,,,,,
47221,,,,,0,0,,26,2019-02-04,,,,,,INT-2.5m,int-197,,,,,,,,,
138221,,,,,1,1,,65,2019-02-04,,,,,,INT-2.5m,int-197,,,,,,,,,
90222,,,,,1,1,,65,2019-02-04,,,,,,INT-2.5m,int-197,,,,,,,,,
90218,,,,,0,0,,65,2019-02-05,,,,,,INT-2.5m,int-197,,,,,,,,,
159779,,,,,1,0,,75,2019-02-05,,,,,,INT-2.5m,,,,,,,,,,
159756,,,,,0,1,,75,2019-02-05,,,,,,,,,,,,,,,,
88010,,,,,0,0,,75,2019-02-05,,,,,,,,,,,,,,,,
91017,,,,,0,0,,75,2019-02-05,,,,,,,,,,,,,,,,
139401,,,,,0,0,,75,2019-02-05,,,,,,,,,,,,,,,,
88013,,,,,0,0,,75,2019-02-05,,,,,,,,,,,,,,,,
88011,,,,,0,0,,75,2019-02-05,,,,,,,,,,,,,,,,
108448,,,,,0,0,,50,2019-02-05,,,,,,INT-2.5m,,,,,,,,,,
108447,,,,,0,0,,50,2019-02-05,,,,,,INT-2.5m,,,,,,,,,,
108448,,,,,0,0,,50,2019-02-05,,,,,,INT-2.5m,,,,,,,,,,
137020,,,,,0,0,,50,2019-02-05,,,,,,INT-2.5m,,,,,,,,,,
137045,,,,,0,1,,50,2019-02-05,,,,,,INT-2.5m,,,,,,,,,,
85197,,,,,0,0,,35,2019-02-05,,,,,,INT-2.5m,,,,,,,,,,
136042,,,,,0,1,,35,2019-02-05,,,,,,INT-2.5m,,,,,,,,,,
136043,,,,,0,0,,35,2019-02-05,,,,,,INT-2.5m,,,,,,,,,,
85513,,,,,0,1,,35,2019-02-05,,,,,,INT-2.5m,,,,,,,,,,
85510,,,,,0,1,,35,2019-02-05,,,,,,INT-2.5m,,,,,,,,,,
136050,,,,,0,0,,35,2019-02-05,,,,,,INT-2.5m,,,,,,,,,,
36264,,,,,0,0,,27,2019-02-05,,,,,,INT-2.5m,,,,,,,,,,
135852,,,,,1,1,,27,2019-02-05,,,,,,INT-2.5m,,,,,,,,,,
135880,,,,,0,0,,28,2019-02-05,,,,,,INT-2.5m,,,,,,,,,,
135862,,,,,0,1,,28,2019-02-05,,,,,,INT-2.5m,,,,,,,,,,
36320,,,,,0,0,,28,2019-02-05,,,,,,INT-2.5m,,,,,,,,,,
36290,,,,,1,1,,28,2019-02-05,,,,,,INT-2.5m,,,,,,,,,,
156994,,,,,0,0,,20,2019-02-05,,,,,,INT-2.5m,,,,,,,,,,
135602,,,,,0,1,,20,2019-02-05,,,,,,INT-2.5m,,,,,,,,,,
135594,,,,,1,1,,19,2019-02-05,,,,,,INT-2.5m,,,,,,,,,,
134955,,,,,0,0,,2,2019-02-05,,,,,,INT-2.5m,,,,,,,,,,
64390,,,,,0,0,,2,2019-02-05,,,,,,INT-2.5m,,,,,,,,,,
64389,,,,,0,0,,2,2019-02-05,,,,,,INT-2.5m,,,,,,,,,,
64353,,,,,0,1,,2,2019-02-05,,,,,,INT-2.5m,,,,,,,,,,
64280,,,,,1,1,,1,2019-02-05,,,,,,INT-2.5m,,,,,,,,,,
31567,,,,,0,0,,120,2019-02-05,,,,,,INT-2.5m,,,,,,,,,,
31560,,,,,1,1,,120,2019-02-05,,,,,,INT-2.5m,,,,,,,,,,
144114,,,,,1,1,,120,2019-02-05,,,,,,INT-2.5m,,,,,,,,,,
31561,,,,,0,0,,120,2019-02-05,,,,,,INT-2.5m,,,,,,,,,,
31562,,,,,0,0,,120,2019-02-05,,,,,,INT-2.5m,,,,,,,,,,
144056,,,,,1,1,,120,2019-02-05,,,,,,INT-2.5m,,,,,,,,,,
144118,,,,,1,1,,120,2019-02-05,,,,,,INT-2.5m,,,,,,,,,,
164223,,,,,1,1,,120,2019-02-05,,,,,,INT-2.5m,,,,,,,,,,
135464,,,,,0,0,,13,2019-02-06,,,,,,INT-2.5m,,,,,,,,,,
26583,,,,,0,1,,17,2019-02-06,,,,,,INT-2.5m,,,,,,,,,,
50379,,,,,1,1,,18,2019-02-06,,,,,,INT-2.5m,,,,,,,,,,
85367,,,,,1,1,,38,2019-02-06,,,,,,INT-2.5m,,,,,,,,,,
85366,,,,,0,0,,38,2019-02-06,,,,,,INT-2.5m,,,,,,,,,,
136102,,,,,1,1,,39,2019-02-06,,,,,,INT-2.5m,,,,,,,,,,
85541,,,,,1,1,,40,2019-02-06,,,,,,INT-2.5m,,,,,,,,,,
139467,,,,,1,1,,78,2019-02-06,,,,,,INT-2.5m,,,,,,,,,,
143701,,,,,1,1,,107,2019-02-06,,,,,,INT-2.5m,,,,,,,,,,
144923,,,,,1,1,,134,2019-02-06,,,,,,INT-2.5m,,,,,,,,,,
164865,,,,,1,1,,134,2019-02-06,,,,,,INT-2.5m,,,,,,,,,,
164860,,,,,0,1,,134,2019-02-06,,,,,,INT-2.5m,,,,,,,,,,
64305,,,,,0,0,,lm-001,2019-02-07,,,,,,INT-2.5m,,,,,,,,,,
64383,,,,,0,0,,lm-002,2019-02-07,,,,,,INT-2.5m,,,,,,,,,,
134976,,,,,0,0,,lm-002,2019-02-07,,,,,,INT-2.5m,,,,,,,,,,
64385,,,,,0,0,,lm-002,2019-02-07,,,,,,INT-2.5m,,,,,,,,,,
64389,,,,,0,0,,lm-002,2019-02-07,,,,,,INT-2.5m,,,,,,,,,,
64390,,,,,0,0,,lm-002,2019-02-07,,,,,,INT-2.5m,,,,,,,,,,
134955,,,,,0,0,,lm-002,2019-02-07,,,,,,INT-2.5m,,,,,,,,,,
135051,,,,,1,1,,lm-008,2019-02-07,,,,,,INT-2.5m,,,,,,,,,,
135068,,,,,0,0,,lm-008,2019-02-07,,,,,,INT-2.5m,,,,,,,,,,
84131,,,,,0,0,,lm-008,2019-02-07,,,,,,INT-2.5m,,,,,,,,,,
84130,,,,,0,0,,lm-008,2019-02-07,,,,,,INT-2.5m,,,,,,,,,,
84225,,,,,0,0,,lm-008,2019-02-07,,,,,,INT-2.5m,,,,,,,,,,
135038,,,,,0,0,,lm-008,2019-02-07,,,,,,INT-2.5m,,,,,,,,,,
135606,,,,,0,0,,21,2019-02-07,,,,,,INT-2.5m,,,,,,,,,,
135797,,,,,1,1,,23,2019-02-07,,,,,,INT-2.5m,,,,,,,,,,
135879,,,,,0,1,,31,2019-02-07,2019-02-07,32,,,,INT-2.5m,,,,,,,,,,
157256,,,,,0,1,,31,2019-02-07,,,,,,INT-2.5m,,,,,,,,,,
64909,,,,,1,1,,31,2019-02-07,2019-02-07,32,,,,INT-2.5m,,,,,,,,,,
64909,,,,,1,1,,32,2019-02-07,,,,,,INT-2.5m,,,,,,,,,,
158238,,,,,0,0,,32,2019-02-07,,,,,,INT-2.5m,,,,,,,,,,
135879,,,,,0,1,,32,2019-02-07,,,,,,INT-2.5m,,,,,,,,,,
139281,,,,,0,0,,73,2019-02-07,,,,,,INT-2.5m,,,,,,,,,,
88018,,,,,0,0,,73,2019-02-07,,,,,,INT-2.5m,,,,,,,,,,
88016,,,,,0,0,,73,2019-02-07,,,,,,INT-2.5m,,,,,,,,,,
140301,,,,,1,1,,91,2019-02-07,,,,,,INT-2.5m,,,,,,,,,,
160613,,,,,1,1,,91,2019-02-07,,,,,,INT-2.5m,,,,,,,,,,
140300,,,,,0,0,,91,2019-02-07,,,,,,INT-2.5m,,,,,,,,,,
163875,,,,,0,1,,109,2019-02-07,,,,,,INT-2.5m,,,,,,,,,,
90350,,,,,0,0,,109,2019-02-07,,,,,,INT-2.5m,,,,,,,,,,
17878,,,,,1,1,,131,2019-02-07,2019-02-08,,,,,INT-2.5m,,,,,,,,,,
164836,,,,,1,1,,131,2019-02-07,2019-02-08,,,,,INT-2.5m,,,,,,,,,,
84137,,,,,0,0,,lm-005,2019-02-08,,,,,,INT-2.5m,,,,,,,,,,
84139,,,,,0,0,,lm-005,2019-02-08,,,,,,INT-2.5m,,,,,,,,,,
156595,,,,,0,0,,lm-005,2019-02-08,,,,,,INT-2.5m,,,,,,,,,,
135046,,,,,0,0,,lm-009,2019-02-08,,,,,,INT-2.5m,,,,,,,,,,
84233,,,,,0,0,,lm-009,2019-02-08,,,,,,INT-2.5m,,,,,,,,,,
64412,,,,,0,0,,lm-010,2019-02-08,,,,,,INT-2.5m,,,,,,,,,,
64413,,,,,0,0,,lm-010,2019-02-08,,,,,,INT-2.5m,,,,,,,,,,
64410,,,,,0,0,,lm-010,2019-02-08,,,,,,INT-2.5m,,,,,,,,,,
84294,,,,,0,0,,lm-010,2019-02-08,,,,,,INT-2.5m,,,,,,,,,,
91427,,,,,1,1,,24,2019-02-08,,,,,,INT-2.5m,,,,,,,,,,
136137,,,,,1,1,,42,2019-02-08,,,,,,INT-2.5m,,,,,,,,,,
136130,,,,,0,0,,42,2019-02-08,,,,,,INT-2.5m,,,,,,,,,,
157495,,,,,1,1,,43,2019-02-08,,,,,,INT-2.5m,,,,,,,,,,
85587,,,,,0,0,,43,2019-02-08,,,,,,INT-2.5m,,,,,,,,,,
136157,,,,,0,0,,43,2019-02-08,,,,,,INT-2.5m,,,,,,,,,,
107715,,,,,0,1,,53,2019-02-08,,,,,,INT-2.5m,,,,,,,,,,
158347,,,,,1,0,,53,2019-02-08,,,,,,INT-2.5m,,,,,,,,,,
107507,,,,,0,0,,53,2019-02-08,,,,,,INT-2.5m,,,,,,,,,,
158784,,,,,0,1,,63,2019-02-08,,,,,,INT-2.5m,,,,,,,,,,
87805,,,,,1,1,,106,2019-02-08,,,,,,INT-2.5m,,,,,,,,,,
164850,,,,,0,0,,131,2019-02-08,,,,,,INT-2.5m,,,,,,,,,,
18048,NGC5636,,,,1,1,,137,2019-02-08,,,,,,INT-2.5m,,,,,,,,,,
165082,NGC5638,,,,1,1,,137,2019-02-08,,,,,,INT-2.5m,,,,,,,,,,
165062,,,,,0,0,,137,2019-02-08,,,,,,INT-2.5m,,,,,,,,,,
145554,,,,,1,1,,149,2019-02-08,,,,,,INT-2.5m,,,,,,,,,,
15199,,,,,1,1,,149,2019-02-08,,,,,,INT-2.5m,,,,,,,,,,
165468,,,,,0,0,,149,2019-02-08,,,,,,INT-2.5m,,,,,,,,,,
145541,,,,,0,0,,149,2019-02-08,,,,,,INT-2.5m,,,,,,,,,,
135129,,,,,0,1,,lm-011,2019-02-09,,,,,,INT-2.5m,,,,,,,,,,
64410,,,,,0,0,,lm-011,2019-02-09,,,,,,INT-2.5m,,,,,,,,,,
64412,,,,,0,0,,lm-011,2019-02-09,,,,,,INT-2.5m,,,,,,,,,,
84294,,,,,0,0,,lm-012,2019-02-09,,,,,,INT-2.5m,,,,,,,,,,
64403,,,,,0,0,,lm-012,2019-02-09,,,,,,INT-2.5m,,,,,,,,,,
84298,,,,,0,0,,lm-012,2019-02-09,,,,,,INT-2.5m,,,,,,,,,,
157098,,,,,0,0,,lm-020,2019-02-09,,,,,,INT-2.5m,,,,,,,,,,
64699,,,,,0,0,,lm-020,2019-02-09,,,,,,INT-2.5m,,,,,,,,,,
85153,,,,,1,1,,34,2019-02-09,,,,,,INT-2.5m,,,,,,,,,,
157480,,,,,1,1,,41,2019-02-09,,,,,,INT-2.5m,,,,,,,,,,
157476,,,,,0,0,,41,2019-02-09,,,,,,INT-2.5m,,,,,,,,,,
85977,,,,,1,1,,48,2019-02-09,,,,,,INT-2.5m,,,,,,,,,,
85974,,,,,0,0,,48,2019-02-09,,,,,,INT-2.5m,,,,,,,,,,
137625,,,,,1,1,,57,2019-02-09,,,,,,INT-2.5m,,,,,,,,,,
107759,,,,,0,0,,57,2019-02-09,,,,,,INT-2.5m,,,,,,,,,,
107761,,,,,0,0,,57,2019-02-09,,,,,,INT-2.5m,,,,,,,,,,
107764,,,,,0,1,,57,2019-02-09,,,,,,INT-2.5m,,,,,,,,,,
87086,,,,,1,1,,69,2019-02-09,,,,,,INT-2.5m,,,,,,,,,,
117685,,,,,1,1,,96,2019-02-09,,,,,,INT-2.5m,,,,,,,,,,
75442,,,,,0,0,,96,2019-02-09,,,,,,INT-2.5m,,,,,,,,,,
104307,,,,,1,1,,101,2019-02-09,,,,,,INT-2.5m,,,,,,,,,,
142963,,,,,0,0,,101,2019-02-09,,,,,,INT-2.5m,,,,,,,,,,
145218,,,,,1,1,,140,2019-02-09,,,,,,INT-2.5m,,,,,,,,,,
18205,,,,,0,0,,140,2019-02-09,,,,,,INT-2.5m,,,,,,,,,,
18026,,,,,0,0,,140,2019-02-09,,,,,,INT-2.5m,,,,,,,,,,
18025,,,,,0,0,,140,2019-02-09,,,,,,INT-2.5m,,,,,,,,,,
15180,,,,,0,0,,140,2019-02-09,,,,,,INT-2.5m,,,,,,,,,,
64408,,,,,0,0,,lm-013,2019-02-10,,,,,,INT-2.5m,,,,,,,,,,
64407,,,,,0,0,,lm-013,2019-02-10,,,,,,INT-2.5m,,,,,,,,,,
135186,,,,,0,0,,lm-013,2019-02-10,,,,,,INT-2.5m,,,,,,,,,,
157073,,,,,0,0,,lm-018,2019-02-10,,,,,,INT-2.5m,,,,,,,,,,
135710,,,,,0,0,,lm-018,2019-02-10,,,,,,INT-2.5m,,,,,,,,,,
50420,,,,,0,0,,lm-018,2019-02-10,,,,,,INT-2.5m,,,,,,,,,,
50421,,,,,0,0,,lm-018,2019-02-10,,,,,,INT-2.5m,,,,,,,,,,
50419,,,,,0,0,,lm-018,2019-02-10,,,,,,INT-2.5m,,,,,,,,,,
85631,,,,,1,1,,44,2019-02-10,,,,,,INT-2.5m,,,,,,,,,,
58969,,,,,1,1,,51,2019-02-10,,,,,,INT-2.5m,,,,,,,,,,
88142,,,,,0,1,,59,2019-02-10,,,,,,INT-2.5m,,,,,,,,,,
158541,,,,,1,1,,59,2019-02-10,,,,,,INT-2.5m,,,,,,,,,,
88140,,,,,0,0,,59,2019-02-10,,,,,,INT-2.5m,,,,,,,,,,
137993,,,,,1,1,,62,2019-02-10,,,,,,INT-2.5m,,,,,,,,,,
101276,,,,,1,1,,72,2019-02-10,,,,,,INT-2.5m,,,,,,,,,,
93951,,,,,1,1,,81,2019-02-10,,,,,,INT-2.5m,,,,,,,,,,
93963,,,,,1,1,,81,2019-02-10,,,,,,INT-2.5m,,,,,,,,,,
88792,,,,,1,1,,88,2019-02-10,,,,,,INT-2.5m,,,,,,,,,,
140004,,,,,1,1,,88,2019-02-10,,,,,,INT-2.5m,,,,,,,,,,
143837,,,,,0,0,,110,2019-02-10,,,,,,INT-2.5m,227,,,,,,,,,
143851,,,,,0,0,,110,2019-02-10,,,,,,INT-2.5m,227,,,,,,,,,
56424,,,,,0,0,,110,2019-02-10,,,,,,INT-2.5m,227,,,,,,,,,
56427,,,,,0,0,,110,2019-02-10,,,,,,INT-2.5m,227,,,,,,,,,
163956,,,,,1,1,,110,2019-02-10,,,,,,INT-2.5m,227,,,,,,,,,
143841,,,,,1,1,,110,2019-02-10,,,,,,INT-2.5m,227,,,,,,,,,
164201,,,,,1,1,,121,2019-02-10,,,,,,INT-2.5m,197,,,,,,,,,
56484,,,,,0,0,,121,2019-02-10,,,,,,INT-2.5m,197,,,,,,,,,
164401,,,,,0,0,,128,2019-02-10,,,,,,INT-2.5m,227,,,,,,,,,
67564,,,,,0,0,,128,2019-02-10,,,,,,INT-2.5m,227,,,,,,,,,
67563,,,,,0,0,,128,2019-02-10,,,,,,INT-2.5m,227,,,,,,,,,
67567,,,,,1,0,,128,2019-02-10,,,,,,INT-2.5m,227,,,,,,,,,
134964,,,,,0,0,,lm-004,2019-02-11,,,,,,INT-2.5m,,,,,,,,,,
8?,,,,,0,0,,lm-004,2019-02-11,,,,,,INT-2.5m,,,,,,,,,,
47876,,,,,0,0,,lm-016,2019-02-11,,,,,,INT-2.5m,,,,,,,,,,
85746,NGC3067,,,,1,1,,45,2019-02-11,,,,,,INT-2.5m,,,,,,,,,,
107148,UGCA201,,,,1,1,,47,2019-02-11,,,,,,INT-2.5m,,,,,,,,,,
107442,UGC05588,,,,1,1,,52,2019-02-11,,,,,,INT-2.5m,,,,,,,,,,
137460,NGC3254,,,,1,1,,56,2019-02-11,,,,,,INT-2.5m,,,,,,,,,,
107609,GCGC124-041,,,,1,1,,60,2019-02-11,,,,,,INT-2.5m,,,,,,,,,,
119759,UCG07143,,,,1,1,,95,2019-02-11,,,,,,INT-2.5m,,,,,,,,,,
119760,,,,,0,0,,95,2019-02-11,,,,,,INT-2.5m,,,,,,,,,,
120018,NGC5016,,,,1,1,,102,2019-02-11,,,,,,INT-2.5m,,,,,,,,,,
31426,NGC5300,,,,1,1,,113,2019-02-11,,,,,,INT-2.5m,,,,,,,,,,
93951,U6526,,,,,,,,2019-05-04,,,,,,INT-2.5m,,,,,,,,,,
139281,N3648,,,,,,,,2019-05-04,,,,,,INT-2.5m,,,,,,,,,,
,U6610,174.683992,33.805782,,,,,,2019-05-04,,,,,,INT-2.5m,,,,,,,,,,
159756,N3658,,,,,,,,2019-05-04,,,,,,INT-2.5m,,,,,,,,,,
160613,U6791,,,,,,,,2019-05-04,,,,,,INT-2.5m,,,,,,,,,,
88028,UGC6455,,,,,,,,2019-05-04,,,,,,INT-2.5m,,,,,,,,,,
88142,KUG1032+379B,,,,,,,,2019-05-04,,,,,,INT-2.5m,,,,,,,,,,
90972,KUG1127+385,,,,,,,,2019-05-04,,,,,,INT-2.5m,,,,,,,,,,
93963,KUG1128+358,,,,,,,,2019-05-04,,,,,,INT-2.5m,,,,,,,,,,
114200,IC1131,,,2017.00394,,,,not in my list,2019-05-04,,,,,,INT-2.5m,,,,,,,,,,
114557,NGC6012,,,1858,,,,,2019-05-04,,,,,,INT-2.5m,,,,,,,,,,
146484,,,,1855,,,,bonus in FOV,,,,,,,,,,,,,,,,,
114554,,,,1975,,,,bonus in FOV,,,,,,,,,,,,,,,,,
121129,NGC5956,,,,,,,,2019-05-04,,,,,,INT-2.5m,,,,,,,,,,
146236,NGC5951,,,,,,,,2019-05-04,,,,,,INT-2.5m,,,,,,,,,,
146356,UGC09991,,,,,,,,2019-05-04,,,,,,INT-2.5m,,,,,,,,,,
146352,,,,,,,,bonus in FOV,,,,,,,,,,,,,,,,,
48222,,,,,,,,8,2019-04-30,,,,,,40-inch,,,,,,,,,,
93977,,,,,,,,17,2019-04-30,,,,,,40-inch,,,,,,,,,,
90053,,,,,,,,31,2019-04-30,,,,,,40-inch,,,,,,,,,,
163803,,,,,,,,34,2019-04-30,,,,,,40-inch,,,,,,,,,,
143894,,,,,,,,36,2019-04-30,,,,,,40-inch,,,,,,,,,,
56408,,,,,,,,38,2019-04-30,,,,,,40-inch,,,,,,,,,,
145756,,,,,,,,61,2019-04-30,,,,,,40-inch,,,,,,,,,,
166335,,,,,,,,84,2019-04-30,,,,,,40-inch,,,,,,,,,,
146317,,,,,,,,85,2019-04-30,,,,,,40-inch,,,,,,,,,,
166816,,,,,,,,93,2019-04-30,,,,,,40-inch,,,,,,,,,,
147100,,,,,,,,95,2019-04-30,,,,,,40-inch,,,,,,,,,,